{
	"info": {
		"_postman_id": "8bf6cfb1-00d4-4bd3-9c1f-4a7ba0c99040",
		"name": "HomeCare - Azure",
		"schema": "https://schema.getpostman.com/json/collection/v2.1.0/collection.json"
	},
	"item": [
		{
			"name": "1. Login Cliente",
			"request": {
				"method": "POST",
				"header": [],
				"url": {
					"raw": "https://app-clients-puc-pi-homecare.azurewebsites.net/client/login?username=paulo&password=123",
					"protocol": "https",
					"host": [
						"app-clients-puc-pi-homecare",
						"azurewebsites",
						"net"
					],
					"path": [
						"client",
						"login"
					],
					"query": [
						{
							"key": "username",
							"value": "paulo"
						},
						{
							"key": "password",
							"value": "123"
						}
					]
				}
			},
			"response": []
		},
		{
			"name": "2. Pesquisa Prestadores",
			"request": {
				"method": "GET",
				"header": [],
				"url": {
					"raw": "https://app-suppliers-puc-pi-homecare.azurewebsites.net/suppliers/search?latitude=0&longitude=0&range=10&orderBy=price&serviceName=pedreiro",
					"protocol": "https",
					"host": [
						"app-suppliers-puc-pi-homecare",
						"azurewebsites",
						"net"
					],
					"path": [
						"suppliers",
						"search"
					],
					"query": [
						{
							"key": "latitude",
							"value": "0"
						},
						{
							"key": "longitude",
							"value": "0"
						},
						{
							"key": "range",
							"value": "10"
						},
						{
							"key": "orderBy",
							"value": "price"
						},
						{
							"key": "serviceName",
							"value": "pedreiro"
						}
					]
				}
			},
			"response": []
		},
		{
			"name": "3. Contratar Prestador",
			"request": {
				"method": "POST",
				"header": [],
				"body": {
					"mode": "raw",
					"raw": "{\r\n  \"supplierId\": \"{{supplierId}}\",\r\n  \"clientId\": \"{{clientId}}\",\r\n  \"serviceDate\": \"2022-05-05T00:00:00.000Z\",\r\n  \"jobDescription\": \"instalação do pacote office\"\r\n}",
					"options": {
						"raw": {
							"language": "json"
						}
					}
				},
				"url": {
					"raw": "https://app-contracts-puc-pi-homecare.azurewebsites.net/contract/emit",
					"protocol": "https",
					"host": [
						"app-contracts-puc-pi-homecare",
						"azurewebsites",
						"net"
					],
					"path": [
						"contract",
						"emit"
					]
				}
			},
			"response": []
		},
		{
			"name": "4. Consultar pagamento",
			"request": {
				"method": "GET",
				"header": [],
				"url": {
					"raw": "https://app-payments-puc-pi-homecare.azurewebsites.net/payments/by-contract/{{contractId}}",
					"protocol": "https",
					"host": [
						"app-payments-puc-pi-homecare",
						"azurewebsites",
						"net"
					],
					"path": [
						"payments",
						"by-contract",
						"{{contractId}}"
					]
				}
			},
			"response": []
		},
		{
			"name": "5. Login Prestador",
			"request": {
				"method": "POST",
				"header": [],
				"url": {
					"raw": "https://app-suppliers-puc-pi-homecare.azurewebsites.net/supplier/login?username=prestador1&password=123",
					"protocol": "https",
					"host": [
						"app-suppliers-puc-pi-homecare",
						"azurewebsites",
						"net"
					],
					"path": [
						"supplier",
						"login"
					],
					"query": [
						{
							"key": "username",
							"value": "prestador1"
						},
						{
							"key": "password",
							"value": "123"
						}
					]
				}
			},
			"response": []
		},
		{
			"name": "6. [Prestador] Informar serviço feito",
			"request": {
				"method": "POST",
				"header": [],
				"body": {
					"mode": "raw",
					"raw": "{\r\n  \"contractId\": \"{{contractId}}\"\r\n}",
					"options": {
						"raw": {
							"language": "json"
						}
					}
				},
				"url": {
					"raw": "https://app-contracts-puc-pi-homecare.azurewebsites.net/contract/done",
					"protocol": "https",
					"host": [
						"app-contracts-puc-pi-homecare",
						"azurewebsites",
						"net"
					],
					"path": [
						"contract",
						"done"
					]
				}
			},
			"response": []
		},
		{
			"name": "7. [Cliente] Confirmar serviço feito",
			"request": {
				"method": "POST",
				"header": [],
				"body": {
					"mode": "raw",
					"raw": "{\r\n  \"contractId\": \"{{contractId}}\"\r\n}",
					"options": {
						"raw": {
							"language": "json"
						}
					}
				},
				"url": {
					"raw": "https://app-contracts-puc-pi-homecare.azurewebsites.net/contract/finish",
					"protocol": "https",
					"host": [
						"app-contracts-puc-pi-homecare",
						"azurewebsites",
						"net"
					],
					"path": [
						"contract",
						"finish"
					]
				}
			},
			"response": []
		}
	]
}